<?xml version="1.0" encoding="UTF-8"?>
<project-private xmlns="http://www.netbeans.org/ns/project-private/1">
    <editor-bookmarks xmlns="http://www.netbeans.org/ns/editor-bookmarks/2" lastBookmarkId="0"/>
    <open-files xmlns="http://www.netbeans.org/ns/projectui-open-files/2">
        <group>
            <file>file:/D:/Users/Benjamin/Documents/NetBeansProjects/SSDProjectV1/src/ssdprojectv1/SSDProjectV1.java</file>
            <file>file:/D:/Users/Benjamin/Documents/NetBeansProjects/SSDProjectV1/src/ssdprojectv1/SSDServ.java</file>
        </group>
    </open-files>
</project-private>
